{"UUID_Model": "00a47071f1a3a4e329c1e0ffc35dcae0", "folderName": "\\Models_1_GC", "modelName": "Oil Pan", "units": {"distance": "mm", "weight": "kg"}, "noBodies": 31, "compProperties": {"area": 743017.1595592987, "density": 0.00784999999999999, "mass": 14.808301745737852, "volume": 1886407.865699092, "VAratio": 2.538848317874604, "bBOX_X": 322.8739971790884, "bBOX_Y": 312.3365011978149, "bBOX_Z": 173.52362029055104}, "extractDate": "2020-08-28", "STPFileSize": "10807993", "componentType": "Assembly", "ProjKey": "2-stroke-engine-12"}