{"UUID_Model": "00a4b9c4d702a8320ac920fca7893549", "folderName": "\\Models_1_GC", "modelName": "Escalera", "units": {"distance": "mm", "weight": "kg"}, "noBodies": 103, "compProperties": {"area": 4517569.281333012, "density": 0.007849999999999998, "mass": 63.92028466541816, "volume": 8142711.422346264, "VAratio": 1.8024541330207495, "bBOX_X": 540.0400000000005, "bBOX_Y": 1970.6899999999998, "bBOX_Z": 1349.0844872453604}, "extractDate": "2020-08-28", "STPFileSize": "6569452", "componentType": "Assembly", "ProjKey": "industrial-ladder-5"}