{"UUID_Model": "00a72f6f8a58efc1f2a7da3e14c2d06c", "folderName": "\\Models_1_GC", "modelName": "None", "units": {"distance": "mm", "weight": "kg"}, "noBodies": 4, "compProperties": {"area": 4987.415984935364, "density": 1.0, "volume": 2286.7903100583344, "mass": 2286.7903100583344, "VAratio": 0.4585120465117912, "bBOX_X": 50.89997148508116, "bBOX_Y": 13.75020000000003, "bBOX_Z": 17.779999999999994}, "extractDate": "2020-08-28", "STPFileSize": "5026784", "componentType": "Assembly", "ProjKey": "teensy-2-0"}