{"UUID_Model": "00b0836ca8fb83c8cc3083c3f43df425", "folderName": "\\Models_1_GC", "modelName": "pilot seated", "units": {"distance": "mm", "weight": "kg"}, "noBodies": 24, "compProperties": {"area": 5730611.65579836, "density": 0.00785, "mass": 2713.8036579956147, "volume": 345707472.3561293, "VAratio": 60.32645258841346, "bBOX_X": 971.54, "bBOX_Y": 1538.7036758458644, "bBOX_Z": 1439.2806851803687}, "extractDate": "2020-08-28", "STPFileSize": "40635344", "componentType": "Assembly", "ProjKey": "medical-3d-printing-idea"}