{"UUID_Model": "00b05f326c6223727ede15eeac77d791", "folderName": "\\Models_1_GC", "modelName": "None", "units": {"distance": "mm", "weight": "kg"}, "noBodies": 1, "compProperties": {"area": 2893.6714538879687, "density": 1.0, "volume": 2797.8176192374667, "mass": 2797.8176192374667, "VAratio": 0.9668746655665723, "bBOX_X": 50.419, "bBOX_Y": 3.175000000001166, "bBOX_Z": 50.419}, "extractDate": "2020-08-28", "STPFileSize": "2573432", "componentType": "Single Part", "ProjKey": "single-speed-bicycle-sprocket-1"}