{"UUID_Model": "00b6776ed3c0545620ef2decb8baaaef", "folderName": "\\Models_1_GC", "modelName": "None", "units": {"distance": "mm", "weight": "kg"}, "noBodies": 1, "compProperties": {"area": 617.6273420965291, "density": 1.0, "volume": 298.5730446113371, "mass": 298.5730446113371, "VAratio": 0.48341940885880186, "bBOX_X": 8.999998824638153, "bBOX_Y": 33.1, "bBOX_Z": 9.000000000000002}, "extractDate": "2020-08-28", "STPFileSize": "4739326", "componentType": "Single Part", "ProjKey": "threadforming-screws-for-plastics-1"}