{"UUID_Model": "00d038587021c2c5a2668fecf67cdaf8", "folderName": "\\Models_1_GC", "modelName": "None", "units": {"distance": "mm", "weight": "kg"}, "noBodies": 1, "compProperties": {"area": 798.4030779328965, "density": 1.0, "volume": 451.83002554813567, "mass": 451.83002554813567, "VAratio": 0.5659171889942421, "bBOX_X": 16.0, "bBOX_Y": 4.880000000000001, "bBOX_Z": 16.0}, "extractDate": "2020-08-28", "STPFileSize": "1756478", "componentType": "Single Part", "ProjKey": "lego-part-4032-plate-2-x-2-round-with-colours-and-appearances-for-solidworks-1"}