{"UUID_Model": "00d0f32ec8e56d83dc6dd56e61c54812", "folderName": "\\Models_1_GC", "modelName": "None", "units": {"distance": "mm", "weight": "kg"}, "noBodies": 1, "compProperties": {"area": 68643.69470191875, "density": 1.0, "volume": 86023.35682133923, "mass": 86023.35682133923, "VAratio": 1.2531865773672388, "bBOX_X": 140.0, "bBOX_Y": 101.0, "bBOX_Z": 68.0}, "extractDate": "2020-08-28", "STPFileSize": "88664", "componentType": "Single Part", "ProjKey": "configured-base-of-refrigeration-copper-pipes-and-fittings-metric-1"}