{"UUID_Model": "00d142e43776e15d59bba53a73c26bbb", "folderName": "\\Models_1_GC", "modelName": "pan head cross recess screw_iso_ISO 7045 - M3 x 4 - Z --- 4N", "units": {"distance": "mm", "weight": "kg"}, "noBodies": 56, "compProperties": {"area": 238960.86089507258, "density": 0.007849999999999994, "mass": 4.303340982388793, "volume": 548196.3034890187, "VAratio": 2.294084066468655, "bBOX_X": 63.041122604726674, "bBOX_Y": 296.51419961562857, "bBOX_Z": 108.0405613023634}, "extractDate": "2020-08-28", "STPFileSize": "12202830", "componentType": "Assembly", "ProjKey": "teknomotor-c31-40-c-dbl-er20-1"}