{"UUID_Model": "00d722f801f23cf146ded8cc3a25ea87", "folderName": "\\Models_1_GC", "modelName": "None", "units": {"distance": "mm", "weight": "kg"}, "noBodies": 1, "compProperties": {"area": 1562.6205275838015, "density": 1.0, "volume": 2324.8117999853334, "mass": 2324.8117999853334, "VAratio": 1.4877647893056087, "bBOX_X": 45.0, "bBOX_Y": 9.206664199358178, "bBOX_Z": 8.000000000000018}, "extractDate": "2020-08-28", "STPFileSize": "107389", "componentType": "Single Part", "ProjKey": "spacer-sleeve-2"}