{"UUID_Model": "00d9dd90705df10958bad10f0c5eb760", "folderName": "\\Models_1_GC", "modelName": "None", "units": {"distance": "mm", "weight": "kg"}, "noBodies": 3, "compProperties": {"area": 754655.3558726525, "density": 1.0, "volume": 12868645.33096389, "mass": 12868645.33096389, "VAratio": 17.05234744684627, "bBOX_X": 1541.5747014247193, "bBOX_Y": 327.3851328054112, "bBOX_Z": 101.00000000000006}, "extractDate": "2020-08-28", "STPFileSize": "5065709", "componentType": "Assembly", "ProjKey": "mossberg-500-tactical-1"}