{"UUID_Model": "00deea02963d1d1349ad43f82fa1a5de", "folderName": "\\Models_1_GC", "modelName": "02-00595", "units": {"distance": "mm", "weight": "kg"}, "noBodies": 122, "compProperties": {"area": 3585506.238030322, "density": 0.007849999999999996, "mass": 109.61461271691006, "volume": 13963644.93209046, "VAratio": 3.8944695686155915, "bBOX_X": 1085.8025872802734, "bBOX_Y": 809.0499847412109, "bBOX_Z": 411.7988916015611}, "extractDate": "2020-08-28", "STPFileSize": "20871177", "componentType": "Assembly", "ProjKey": "double-moving-manipulator-full-3d-1"}