{"UUID_Model": "00dff8ca7ac571bc39d3ba4d7d7a4a75", "folderName": "\\Models_1_GC", "modelName": "None", "units": {"distance": "mm", "weight": "kg"}, "noBodies": 12, "compProperties": {"area": 639438.8906396098, "density": 1.0, "volume": 2911678.804667332, "mass": 2911678.804667332, "VAratio": 4.553490329239867, "bBOX_X": 175.00000000000003, "bBOX_Y": 1151.2200425208468, "bBOX_Z": 175.00000000000003}, "extractDate": "2020-08-28", "STPFileSize": "3828656", "componentType": "Assembly", "ProjKey": "full-model-ucf201-ucf212-1"}