{"UUID_Model": "00e85543bccd92ee2cd16bfd32dfaa0f", "folderName": "\\Models_1_GC", "modelName": "None", "units": {"distance": "mm", "weight": "kg"}, "noBodies": 1, "compProperties": {"area": 2852.031132850092, "density": 1.0, "volume": 4724.354286035553, "mass": 4724.354286035553, "VAratio": 1.6564876279293665, "bBOX_X": 30.0, "bBOX_Y": 15.999901269213037, "bBOX_Z": 16.0}, "extractDate": "2020-08-28", "STPFileSize": "542389", "componentType": "Single Part", "ProjKey": "din-913-iso-4026-set-screws-1"}