{"UUID_Model": "00ee7f2888a7995fbcc7dd0e41636375", "folderName": "\\Models_1_GC", "modelName": "None", "units": {"distance": "mm", "weight": "kg"}, "noBodies": 26, "compProperties": {"area": 3662090.958891544, "density": 1.0, "volume": 25387591.550394073, "mass": 25387591.550394073, "VAratio": 6.932539861893132, "bBOX_X": 504.9606562405822, "bBOX_Y": 700.0, "bBOX_Z": 504.9606562405822}, "extractDate": "2020-08-28", "STPFileSize": "904098", "componentType": "Assembly", "ProjKey": "wooden-wine-barrel-oak-1"}