{"UUID_Model": "00f953f9f206eef425c23156ab268f65", "folderName": "\\Models_1_GC", "modelName": "None", "units": {"distance": "mm", "weight": "kg"}, "noBodies": 1, "compProperties": {"area": 2405.86163869984, "density": 1.0, "volume": 3613.9138191546817, "mass": 3613.9138191546817, "VAratio": 1.5021287014276055, "bBOX_X": 30.0, "bBOX_Y": 14.0, "bBOX_Z": 14.000000000000002}, "extractDate": "2020-08-28", "STPFileSize": "545623", "componentType": "Single Part", "ProjKey": "din-913-iso-4026-set-screws-1"}