{"UUID_Model": "0a02ad7d861a886ebc68a2f368b7dc2f", "folderName": "\\Models_1_GC", "modelName": "Rondelle L 8", "units": {"distance": "mm", "weight": "kg"}, "noBodies": 152, "compProperties": {"area": 3867288.940483026, "density": 0.00785, "mass": 185.42353609124726, "volume": 23620832.62308882, "VAratio": 6.107853068806017, "bBOX_X": 731.7308709949009, "bBOX_Y": 595.4511889103957, "bBOX_Z": 358.7174612638319}, "extractDate": "2020-08-26", "STPFileSize": "34637637", "componentType": "Assembly", "ProjKey": "buell-engine"}