{"UUID_Model": "0a1ad60affc0a21a973e2cf5534cdb05", "folderName": "\\Models_1_GC", "modelName": "Mechanik", "units": {"distance": "mm", "weight": "kg"}, "noBodies": 22, "compProperties": {"area": 2296300.429254287, "density": 0.007850000000000001, "mass": 140.91367145252764, "volume": 17950786.172296513, "VAratio": 7.817263779428874, "bBOX_X": 774.9813164970357, "bBOX_Y": 1024.9136162028956, "bBOX_Z": 760.9095039350791}, "extractDate": "2020-08-26", "STPFileSize": "11355330", "componentType": "Assembly", "ProjKey": "office-chair-27-1"}