{"UUID_Model": "0a31b27609d1ec29ceb5cbee6fbac559", "folderName": "\\Models_1_GC", "modelName": "Nickel Tee 0.5", "units": {"distance": "mm", "weight": "kg"}, "noBodies": 1, "compProperties": {"area": 9849.078437052418, "density": 0.00785, "mass": 0.08359530931922077, "volume": 10649.083989709652, "VAratio": 1.0812264373535292, "bBOX_X": 47.883731934467846, "bBOX_Y": 36.95186596723392, "bBOX_Z": 26.520000000000064}, "extractDate": "2020-08-26", "STPFileSize": "1134609", "componentType": "Single Part", "ProjKey": "nickel-tee-1-2-1"}