{"UUID_Model": "0a3f9049290f9e99bb1cf33d422c2957", "folderName": "\\Models_1_GC", "modelName": "Industrial Bimetal Thermometer", "units": {"distance": "mm", "weight": "kg"}, "noBodies": 8, "compProperties": {"area": 32078.766451105083, "density": 0.00785, "mass": 1.0245405341367344, "volume": 130514.71772442477, "VAratio": 4.068570339927415, "bBOX_X": 200.03999999999996, "bBOX_Y": 100.04000000000003, "bBOX_Z": 214.0399999999178}, "extractDate": "2020-08-26", "STPFileSize": "117054", "componentType": "Assembly", "ProjKey": "industrial-bimetal-thermometer-1"}