{"UUID_Model": "0a52a4056d1972e39bbb3478833be357", "folderName": "\\Models_1_GC", "modelName": "BH-40R", "units": {"distance": "mm", "weight": "kg"}, "noBodies": 1, "compProperties": {"area": 4469.952742785678, "density": 0.00785, "mass": 0.018380372637256365, "volume": 2341.4487435995375, "VAratio": 0.5238195744638554, "bBOX_X": 58.420000000000016, "bBOX_Y": 11.92000000000001, "bBOX_Z": 13.580000000000004}, "extractDate": "2020-08-26", "STPFileSize": "2929339", "componentType": "Single Part", "ProjKey": "idc-bh-connectors-1"}