{"UUID_Model": "0a5c1589a5e9d038be41711299934f6a", "folderName": "\\Models_1_GC", "modelName": "XBee Chip", "units": {"distance": "mm", "weight": "kg"}, "noBodies": 11, "compProperties": {"area": 2229.0502604282797, "density": 0.007850000000000001, "mass": 0.01137222892599096, "volume": 1448.6915829287848, "VAratio": 0.6499142745441907, "bBOX_X": 24.54, "bBOX_Y": 7.560000000000001, "bBOX_Z": 27.939999999999998}, "extractDate": "2020-08-26", "STPFileSize": "982794", "componentType": "Assembly", "ProjKey": "xbee-module-1"}