{"UUID_Model": "0a66a6594f0033ff67d87bcd190e4aff", "folderName": "\\Models_1_GC", "modelName": "TheOneRing", "units": {"distance": "mm", "weight": "kg"}, "noBodies": 1, "compProperties": {"area": 1345.6738842226066, "density": 0.00785, "mass": 0.008725159643835774, "volume": 1111.4853049472324, "VAratio": 0.8259692916529591, "bBOX_X": 25.71671226587977, "bBOX_Y": 8.020000000000012, "bBOX_Z": 25.71643066633584}, "extractDate": "2020-08-26", "STPFileSize": "22433742", "componentType": "Single Part", "ProjKey": "the-one-ring"}