{"UUID_Model": "0a86d07a2ddbf7006bc9629af98d4c52", "folderName": "\\Models_1_GC", "modelName": "spring", "units": {"distance": "mm", "weight": "kg"}, "noBodies": 7, "compProperties": {"area": 2649967.0037305737, "density": 0.007849999999999998, "mass": 247.16924932973805, "volume": 31486528.5770367, "VAratio": 11.881856843013727, "bBOX_X": 355.9483365648987, "bBOX_Y": 355.94833656489874, "bBOX_Z": 1659.3869411079172}, "extractDate": "2020-08-26", "STPFileSize": "2748429", "componentType": "Assembly", "ProjKey": "car-suspension"}